rank,uid,title,year,venue,url,problem_claimed,actual_mechanism,hidden_assumptions,variables_treated_as_fixed,failure_modes_ignored,what_it_makes_less_novel,what_it_leaves_open
1,arxiv:2202.10667v2,Visually Grounded Task and Motion Planning for Mobile Manipulation,2022,arXiv,http://arxiv.org/abs/2202.10667v2,Addresses mobile manipulation planning or a neighboring robotics mechanism.,"Prior work usually predicts, ranks, filters, or imitates observed behavior rather than preserving unrealized branches.",The observed outcome is enough to supervise the model.,"Contact mode support, embodiment limits, and deployment perturbations.","Branch collapse, hidden-mode shift, and tail-risk planning failures.",Generic world models and generic uncertainty are crowded.,Mobile manipulation spatial commitments keeps action-critical alternatives explicit until a physical observation collapses them.
2,doi:10.1109/tetci.2022.3146387,Motion Planning and Cooperative Manipulation for Mobile Robots With Dual Arms,2022,IEEE Transactions on Emerging Topics in Computational Intelligence,https://doi.org/10.1109/tetci.2022.3146387,Addresses mobile manipulation planning or a neighboring robotics mechanism.,"Prior work usually predicts, ranks, filters, or imitates observed behavior rather than preserving unrealized branches.",The observed outcome is enough to supervise the model.,"Contact mode support, embodiment limits, and deployment perturbations.","Branch collapse, hidden-mode shift, and tail-risk planning failures.",Generic world models and generic uncertainty are crowded.,Mobile manipulation spatial commitments keeps action-critical alternatives explicit until a physical observation collapses them.
3,doi:10.1609/icaps.v20i1.13436,Combined Task and Motion Planning for Mobile Manipulation,2010,Proceedings of the International Conference on Automated Planning and Scheduling,https://doi.org/10.1609/icaps.v20i1.13436,Addresses mobile manipulation planning or a neighboring robotics mechanism.,"Prior work usually predicts, ranks, filters, or imitates observed behavior rather than preserving unrealized branches.",The observed outcome is enough to supervise the model.,"Contact mode support, embodiment limits, and deployment perturbations.","Branch collapse, hidden-mode shift, and tail-risk planning failures.",Generic world models and generic uncertainty are crowded.,Mobile manipulation spatial commitments keeps action-critical alternatives explicit until a physical observation collapses them.
4,doi:10.1115/detc2012-70600,Optimal Base Placement and Motion Planning for Mobile Manipulators,2012,"Volume 4: 36th Mechanisms and Robotics Conference, Parts A and B",https://doi.org/10.1115/detc2012-70600,Addresses mobile manipulation planning or a neighboring robotics mechanism.,"Prior work usually predicts, ranks, filters, or imitates observed behavior rather than preserving unrealized branches.",The observed outcome is enough to supervise the model.,"Contact mode support, embodiment limits, and deployment perturbations.","Branch collapse, hidden-mode shift, and tail-risk planning failures.",Generic world models and generic uncertainty are crowded.,Mobile manipulation spatial commitments keeps action-critical alternatives explicit until a physical observation collapses them.
5,doi:10.1115/1.4069407,Kinodynamic Motion Planning for Collaborative Object Transportation by Multiple Mobile Manipulators,2025,Journal of Mechanisms and Robotics,https://doi.org/10.1115/1.4069407,Addresses mobile manipulation planning or a neighboring robotics mechanism.,"Prior work usually predicts, ranks, filters, or imitates observed behavior rather than preserving unrealized branches.",The observed outcome is enough to supervise the model.,"Contact mode support, embodiment limits, and deployment perturbations.","Branch collapse, hidden-mode shift, and tail-risk planning failures.",Generic world models and generic uncertainty are crowded.,Mobile manipulation spatial commitments keeps action-critical alternatives explicit until a physical observation collapses them.
6,doi:10.1109/icra57147.2024.10610192,Real-time Whole-body Motion Planning for Mobile Manipulators Using Environment-adaptive Search and Spatial-temporal Optimization,2024,2024 IEEE International Conference on Robotics and Automation (ICRA),https://doi.org/10.1109/icra57147.2024.10610192,Addresses mobile manipulation planning or a neighboring robotics mechanism.,"Prior work usually predicts, ranks, filters, or imitates observed behavior rather than preserving unrealized branches.",The observed outcome is enough to supervise the model.,"Contact mode support, embodiment limits, and deployment perturbations.","Branch collapse, hidden-mode shift, and tail-risk planning failures.",Generic world models and generic uncertainty are crowded.,Mobile manipulation spatial commitments keeps action-critical alternatives explicit until a physical observation collapses them.
7,doi:10.3390/app10051665,Contingent Task and Motion Planning under Uncertainty for Human–Robot Interactions,2020,Applied Sciences,https://doi.org/10.3390/app10051665,Addresses mobile manipulation planning or a neighboring robotics mechanism.,"Prior work usually predicts, ranks, filters, or imitates observed behavior rather than preserving unrealized branches.",The observed outcome is enough to supervise the model.,"Contact mode support, embodiment limits, and deployment perturbations.","Branch collapse, hidden-mode shift, and tail-risk planning failures.",Generic world models and generic uncertainty are crowded.,Mobile manipulation spatial commitments keeps action-critical alternatives explicit until a physical observation collapses them.
8,doi:10.1177/02783640022067139,Coordinated Motion Planning for a Mobile Manipulator considering Stability and Manipulation,2000,The International Journal of Robotics Research,https://doi.org/10.1177/02783640022067139,Addresses mobile manipulation planning or a neighboring robotics mechanism.,"Prior work usually predicts, ranks, filters, or imitates observed behavior rather than preserving unrealized branches.",The observed outcome is enough to supervise the model.,"Contact mode support, embodiment limits, and deployment perturbations.","Branch collapse, hidden-mode shift, and tail-risk planning failures.",Generic world models and generic uncertainty are crowded.,Mobile manipulation spatial commitments keeps action-critical alternatives explicit until a physical observation collapses them.
9,doi:10.1145/3564696,Multiple Mobile Robot Task and Motion Planning: A Survey,2023,ACM Computing Surveys,https://doi.org/10.1145/3564696,Addresses mobile manipulation planning or a neighboring robotics mechanism.,"Prior work usually predicts, ranks, filters, or imitates observed behavior rather than preserving unrealized branches.",The observed outcome is enough to supervise the model.,"Contact mode support, embodiment limits, and deployment perturbations.","Branch collapse, hidden-mode shift, and tail-risk planning failures.",Generic world models and generic uncertainty are crowded.,Mobile manipulation spatial commitments keeps action-critical alternatives explicit until a physical observation collapses them.
10,doi:10.3390/machines10020097,Motion Planning for Mobile Manipulators—A Systematic Review,2022,Machines,https://doi.org/10.3390/machines10020097,Addresses mobile manipulation planning or a neighboring robotics mechanism.,"Prior work usually predicts, ranks, filters, or imitates observed behavior rather than preserving unrealized branches.",The observed outcome is enough to supervise the model.,"Contact mode support, embodiment limits, and deployment perturbations.","Branch collapse, hidden-mode shift, and tail-risk planning failures.",Generic world models and generic uncertainty are crowded.,Mobile manipulation spatial commitments keeps action-critical alternatives explicit until a physical observation collapses them.
11,doi:10.1109/coase.2019.8843209,Task Assignment and Motion Planning for Bi-Manual Mobile Manipulation,2019,2019 IEEE 15th International Conference on Automation Science and Engineering (CASE),https://doi.org/10.1109/coase.2019.8843209,Addresses mobile manipulation planning or a neighboring robotics mechanism.,"Prior work usually predicts, ranks, filters, or imitates observed behavior rather than preserving unrealized branches.",The observed outcome is enough to supervise the model.,"Contact mode support, embodiment limits, and deployment perturbations.","Branch collapse, hidden-mode shift, and tail-risk planning failures.",Generic world models and generic uncertainty are crowded.,Mobile manipulation spatial commitments keeps action-critical alternatives explicit until a physical observation collapses them.
12,doi:10.3390/technologies14040210,Motion Planning and Control of Mobile Manipulators for Grasping-on-the-Move Tasks,2026,Technologies,https://doi.org/10.3390/technologies14040210,Addresses mobile manipulation planning or a neighboring robotics mechanism.,"Prior work usually predicts, ranks, filters, or imitates observed behavior rather than preserving unrealized branches.",The observed outcome is enough to supervise the model.,"Contact mode support, embodiment limits, and deployment perturbations.","Branch collapse, hidden-mode shift, and tail-risk planning failures.",Generic world models and generic uncertainty are crowded.,Mobile manipulation spatial commitments keeps action-critical alternatives explicit until a physical observation collapses them.
13,doi:10.1115/1.4071124,Motion Planning of Cooperative Nonholonomic Mobile Manipulators,2025,ASME Letters in Translational Robotics,https://doi.org/10.1115/1.4071124,Addresses mobile manipulation planning or a neighboring robotics mechanism.,"Prior work usually predicts, ranks, filters, or imitates observed behavior rather than preserving unrealized branches.",The observed outcome is enough to supervise the model.,"Contact mode support, embodiment limits, and deployment perturbations.","Branch collapse, hidden-mode shift, and tail-risk planning failures.",Generic world models and generic uncertainty are crowded.,Mobile manipulation spatial commitments keeps action-critical alternatives explicit until a physical observation collapses them.
14,doi:10.7210/jrsj.15.249,On-line Motion Planning of an Autonomous Mobile Robot to Avoid Multiple Moving Obstacles Based on the Prediction of Their Future Trajectories.,1997,Journal of the Robotics Society of Japan,https://doi.org/10.7210/jrsj.15.249,Addresses mobile manipulation planning or a neighboring robotics mechanism.,"Prior work usually predicts, ranks, filters, or imitates observed behavior rather than preserving unrealized branches.",The observed outcome is enough to supervise the model.,"Contact mode support, embodiment limits, and deployment perturbations.","Branch collapse, hidden-mode shift, and tail-risk planning failures.",Generic world models and generic uncertainty are crowded.,Mobile manipulation spatial commitments keeps action-critical alternatives explicit until a physical observation collapses them.
15,doi:10.3390/robotics10010048,Motion Planning and Control of an Omnidirectional Mobile Robot in Dynamic Environments,2021,Robotics,https://doi.org/10.3390/robotics10010048,Addresses mobile manipulation planning or a neighboring robotics mechanism.,"Prior work usually predicts, ranks, filters, or imitates observed behavior rather than preserving unrealized branches.",The observed outcome is enough to supervise the model.,"Contact mode support, embodiment limits, and deployment perturbations.","Branch collapse, hidden-mode shift, and tail-risk planning failures.",Generic world models and generic uncertainty are crowded.,Mobile manipulation spatial commitments keeps action-critical alternatives explicit until a physical observation collapses them.
16,doi:10.1108/ir-05-2024-0224,Research on motion planning system for wall-climbing mobile manipulator for large steel structures welding operation,2025,Industrial Robot: the international journal of robotics research and application,https://doi.org/10.1108/ir-05-2024-0224,Addresses mobile manipulation planning or a neighboring robotics mechanism.,"Prior work usually predicts, ranks, filters, or imitates observed behavior rather than preserving unrealized branches.",The observed outcome is enough to supervise the model.,"Contact mode support, embodiment limits, and deployment perturbations.","Branch collapse, hidden-mode shift, and tail-risk planning failures.",Generic world models and generic uncertainty are crowded.,Mobile manipulation spatial commitments keeps action-critical alternatives explicit until a physical observation collapses them.
17,doi:10.3390/s23156952,A Hierarchical Motion Planning Method for Mobile Manipulator,2023,Sensors,https://doi.org/10.3390/s23156952,Addresses mobile manipulation planning or a neighboring robotics mechanism.,"Prior work usually predicts, ranks, filters, or imitates observed behavior rather than preserving unrealized branches.",The observed outcome is enough to supervise the model.,"Contact mode support, embodiment limits, and deployment perturbations.","Branch collapse, hidden-mode shift, and tail-risk planning failures.",Generic world models and generic uncertainty are crowded.,Mobile manipulation spatial commitments keeps action-critical alternatives explicit until a physical observation collapses them.
18,arxiv:1906.10182v1,Planning Robot Motion using Deep Visual Prediction,2019,arXiv,http://arxiv.org/abs/1906.10182v1,Addresses mobile manipulation planning or a neighboring robotics mechanism.,"Prior work usually predicts, ranks, filters, or imitates observed behavior rather than preserving unrealized branches.",The observed outcome is enough to supervise the model.,"Contact mode support, embodiment limits, and deployment perturbations.","Branch collapse, hidden-mode shift, and tail-risk planning failures.",Generic world models and generic uncertainty are crowded.,Mobile manipulation spatial commitments keeps action-critical alternatives explicit until a physical observation collapses them.
19,doi:10.1177/027836499701600606,Vision and Motion Planning for a Mobile Robot under Uncertainty,1997,The International Journal of Robotics Research,https://doi.org/10.1177/027836499701600606,Addresses mobile manipulation planning or a neighboring robotics mechanism.,"Prior work usually predicts, ranks, filters, or imitates observed behavior rather than preserving unrealized branches.",The observed outcome is enough to supervise the model.,"Contact mode support, embodiment limits, and deployment perturbations.","Branch collapse, hidden-mode shift, and tail-risk planning failures.",Generic world models and generic uncertainty are crowded.,Mobile manipulation spatial commitments keeps action-critical alternatives explicit until a physical observation collapses them.
20,doi:10.51582/interconf.19-20.05.2023.033,Motion trajectory planning of a mobile robot flying in a fuzzy environment,2023,InterConf,https://doi.org/10.51582/interconf.19-20.05.2023.033,Addresses mobile manipulation planning or a neighboring robotics mechanism.,"Prior work usually predicts, ranks, filters, or imitates observed behavior rather than preserving unrealized branches.",The observed outcome is enough to supervise the model.,"Contact mode support, embodiment limits, and deployment perturbations.","Branch collapse, hidden-mode shift, and tail-risk planning failures.",Generic world models and generic uncertainty are crowded.,Mobile manipulation spatial commitments keeps action-critical alternatives explicit until a physical observation collapses them.
21,arxiv:2305.08351v1,Enabling Failure Recovery for On-The-Move Mobile Manipulation,2023,arXiv,http://arxiv.org/abs/2305.08351v1,Addresses mobile manipulation planning or a neighboring robotics mechanism.,"Prior work usually predicts, ranks, filters, or imitates observed behavior rather than preserving unrealized branches.",The observed outcome is enough to supervise the model.,"Contact mode support, embodiment limits, and deployment perturbations.","Branch collapse, hidden-mode shift, and tail-risk planning failures.",Generic world models and generic uncertainty are crowded.,Mobile manipulation spatial commitments keeps action-critical alternatives explicit until a physical observation collapses them.
22,arxiv:2508.04384v1,Incorporating Stochastic Models of Controller Behavior into Kinodynamic Efficiently Adaptive State Lattices for Mobile Robot Motion Planning in Off-Road Environments,2025,arXiv,http://arxiv.org/abs/2508.04384v1,Addresses mobile manipulation planning or a neighboring robotics mechanism.,"Prior work usually predicts, ranks, filters, or imitates observed behavior rather than preserving unrealized branches.",The observed outcome is enough to supervise the model.,"Contact mode support, embodiment limits, and deployment perturbations.","Branch collapse, hidden-mode shift, and tail-risk planning failures.",Generic world models and generic uncertainty are crowded.,Mobile manipulation spatial commitments keeps action-critical alternatives explicit until a physical observation collapses them.
23,arxiv:2210.08280v1,Robot Navigation Anticipative Strategies in Deep Reinforcement Motion Planning,2022,arXiv,http://arxiv.org/abs/2210.08280v1,Addresses mobile manipulation planning or a neighboring robotics mechanism.,"Prior work usually predicts, ranks, filters, or imitates observed behavior rather than preserving unrealized branches.",The observed outcome is enough to supervise the model.,"Contact mode support, embodiment limits, and deployment perturbations.","Branch collapse, hidden-mode shift, and tail-risk planning failures.",Generic world models and generic uncertainty are crowded.,Mobile manipulation spatial commitments keeps action-critical alternatives explicit until a physical observation collapses them.
24,doi:10.3390/app11136209,Motion Planning for a Mobile Humanoid Manipulator Working in an Industrial Environment,2021,Applied Sciences,https://doi.org/10.3390/app11136209,Addresses mobile manipulation planning or a neighboring robotics mechanism.,"Prior work usually predicts, ranks, filters, or imitates observed behavior rather than preserving unrealized branches.",The observed outcome is enough to supervise the model.,"Contact mode support, embodiment limits, and deployment perturbations.","Branch collapse, hidden-mode shift, and tail-risk planning failures.",Generic world models and generic uncertainty are crowded.,Mobile manipulation spatial commitments keeps action-critical alternatives explicit until a physical observation collapses them.
25,arxiv:1811.08955v1,Integrating Task-Motion Planning with Reinforcement Learning for Robust Decision Making in Mobile Robots,2018,arXiv,http://arxiv.org/abs/1811.08955v1,Addresses mobile manipulation planning or a neighboring robotics mechanism.,"Prior work usually predicts, ranks, filters, or imitates observed behavior rather than preserving unrealized branches.",The observed outcome is enough to supervise the model.,"Contact mode support, embodiment limits, and deployment perturbations.","Branch collapse, hidden-mode shift, and tail-risk planning failures.",Generic world models and generic uncertainty are crowded.,Mobile manipulation spatial commitments keeps action-critical alternatives explicit until a physical observation collapses them.
26,doi:10.1609/aaai.v40i22.38896,GraphCoT-VLA: A 3D Spatial-Aware Reasoning Vision-Language-Action Model for Robotic Manipulation with Ambiguous Instructions,2026,Proceedings of the AAAI Conference on Artificial Intelligence,https://doi.org/10.1609/aaai.v40i22.38896,Addresses mobile manipulation planning or a neighboring robotics mechanism.,"Prior work usually predicts, ranks, filters, or imitates observed behavior rather than preserving unrealized branches.",The observed outcome is enough to supervise the model.,"Contact mode support, embodiment limits, and deployment perturbations.","Branch collapse, hidden-mode shift, and tail-risk planning failures.",Generic world models and generic uncertainty are crowded.,Mobile manipulation spatial commitments keeps action-critical alternatives explicit until a physical observation collapses them.
27,doi:10.1108/01439910910980204,Motion planning for omni‐directional mobile robots based on anisotropy and artificial potential field method,2009,Industrial Robot: An International Journal,https://doi.org/10.1108/01439910910980204,Addresses mobile manipulation planning or a neighboring robotics mechanism.,"Prior work usually predicts, ranks, filters, or imitates observed behavior rather than preserving unrealized branches.",The observed outcome is enough to supervise the model.,"Contact mode support, embodiment limits, and deployment perturbations.","Branch collapse, hidden-mode shift, and tail-risk planning failures.",Generic world models and generic uncertainty are crowded.,Mobile manipulation spatial commitments keeps action-critical alternatives explicit until a physical observation collapses them.
28,doi:10.1115/dscc2016-9882,Simultaneous Optimal Robot Base Placement and Motion Planning Using Expanded Lagrangian Homotopy,2016,"Volume 2: Mechatronics; Mechatronics and Controls in Advanced Manufacturing; Modeling and Control of Automotive Systems and Combustion Engines; Modeling and Validation; Motion and Vibration Control Applications; Multi-Agent and Networked Systems; Path Planning and Motion Control; Robot Manipulators; Sensors and Actuators; Tracking Control Systems; Uncertain Systems and Robustness; Unmanned, Ground and Surface Robotics; Vehicle Dynamic Controls; Vehicle Dynamics and Traffic Control",https://doi.org/10.1115/dscc2016-9882,Addresses mobile manipulation planning or a neighboring robotics mechanism.,"Prior work usually predicts, ranks, filters, or imitates observed behavior rather than preserving unrealized branches.",The observed outcome is enough to supervise the model.,"Contact mode support, embodiment limits, and deployment perturbations.","Branch collapse, hidden-mode shift, and tail-risk planning failures.",Generic world models and generic uncertainty are crowded.,Mobile manipulation spatial commitments keeps action-critical alternatives explicit until a physical observation collapses them.
29,doi:10.1108/ir-06-2025-0213,A coordinated motion planning method for mobile manipulators in door opening tasks,2026,Industrial Robot: the international journal of robotics research and application,https://doi.org/10.1108/ir-06-2025-0213,Addresses mobile manipulation planning or a neighboring robotics mechanism.,"Prior work usually predicts, ranks, filters, or imitates observed behavior rather than preserving unrealized branches.",The observed outcome is enough to supervise the model.,"Contact mode support, embodiment limits, and deployment perturbations.","Branch collapse, hidden-mode shift, and tail-risk planning failures.",Generic world models and generic uncertainty are crowded.,Mobile manipulation spatial commitments keeps action-critical alternatives explicit until a physical observation collapses them.
30,arxiv:2211.07847v1,Learning to Correct Mistakes: Backjumping in Long-Horizon Task and Motion Planning,2022,arXiv,http://arxiv.org/abs/2211.07847v1,Addresses mobile manipulation planning or a neighboring robotics mechanism.,"Prior work usually predicts, ranks, filters, or imitates observed behavior rather than preserving unrealized branches.",The observed outcome is enough to supervise the model.,"Contact mode support, embodiment limits, and deployment perturbations.","Branch collapse, hidden-mode shift, and tail-risk planning failures.",Generic world models and generic uncertainty are crowded.,Mobile manipulation spatial commitments keeps action-critical alternatives explicit until a physical observation collapses them.
31,doi:10.3390/robotics14070096,Development of a Multifunctional Mobile Manipulation Robot Based on Hierarchical Motion Planning Strategy and Hybrid Grasping,2025,Robotics,https://doi.org/10.3390/robotics14070096,Addresses mobile manipulation planning or a neighboring robotics mechanism.,"Prior work usually predicts, ranks, filters, or imitates observed behavior rather than preserving unrealized branches.",The observed outcome is enough to supervise the model.,"Contact mode support, embodiment limits, and deployment perturbations.","Branch collapse, hidden-mode shift, and tail-risk planning failures.",Generic world models and generic uncertainty are crowded.,Mobile manipulation spatial commitments keeps action-critical alternatives explicit until a physical observation collapses them.
32,doi:10.1080/01691864.2022.2126733,Configuration-aware model predictive motion planning for Tractor–Trailer Mobile Robot,2023,Advanced Robotics,https://doi.org/10.1080/01691864.2022.2126733,Addresses mobile manipulation planning or a neighboring robotics mechanism.,"Prior work usually predicts, ranks, filters, or imitates observed behavior rather than preserving unrealized branches.",The observed outcome is enough to supervise the model.,"Contact mode support, embodiment limits, and deployment perturbations.","Branch collapse, hidden-mode shift, and tail-risk planning failures.",Generic world models and generic uncertainty are crowded.,Mobile manipulation spatial commitments keeps action-critical alternatives explicit until a physical observation collapses them.
33,doi:10.1115/dscc2019-9208,Motion Planning for Industrial Mobile Robots With Closed-Loop Stability Enhanced Prediction,2019,"Volume 3, Rapid Fire Interactive Presentations: Advances in Control Systems; Advances in Robotics and Mechatronics; Automotive and Transportation Systems; Motion Planning and Trajectory Tracking; Soft Mechatronic Actuators and Sensors; Unmanned Ground and Aerial Vehicles",https://doi.org/10.1115/dscc2019-9208,Addresses mobile manipulation planning or a neighboring robotics mechanism.,"Prior work usually predicts, ranks, filters, or imitates observed behavior rather than preserving unrealized branches.",The observed outcome is enough to supervise the model.,"Contact mode support, embodiment limits, and deployment perturbations.","Branch collapse, hidden-mode shift, and tail-risk planning failures.",Generic world models and generic uncertainty are crowded.,Mobile manipulation spatial commitments keeps action-critical alternatives explicit until a physical observation collapses them.
34,doi:10.3390/machines14050469,Inverse Kinematics and Statics-Based Motion Planning of a 7-DoF Transporter for DEMO-Type Breeding Blankets,2026,Machines,https://doi.org/10.3390/machines14050469,Addresses mobile manipulation planning or a neighboring robotics mechanism.,"Prior work usually predicts, ranks, filters, or imitates observed behavior rather than preserving unrealized branches.",The observed outcome is enough to supervise the model.,"Contact mode support, embodiment limits, and deployment perturbations.","Branch collapse, hidden-mode shift, and tail-risk planning failures.",Generic world models and generic uncertainty are crowded.,Mobile manipulation spatial commitments keeps action-critical alternatives explicit until a physical observation collapses them.
35,doi:10.1109/codit66093.2025.11321860,Mobile Robot Motion Planning based on Synthesized Optimal Control with Particle Swarm Optimization*,2025,"2025 11th International Conference on Control, Decision and Information Technologies (CoDIT)",https://doi.org/10.1109/codit66093.2025.11321860,Addresses mobile manipulation planning or a neighboring robotics mechanism.,"Prior work usually predicts, ranks, filters, or imitates observed behavior rather than preserving unrealized branches.",The observed outcome is enough to supervise the model.,"Contact mode support, embodiment limits, and deployment perturbations.","Branch collapse, hidden-mode shift, and tail-risk planning failures.",Generic world models and generic uncertainty are crowded.,Mobile manipulation spatial commitments keeps action-critical alternatives explicit until a physical observation collapses them.
36,doi:10.1108/ir-02-2021-0025,Self-protective motion planning for mobile manipulators in a dynamic door-closing workspace,2021,Industrial Robot: the international journal of robotics research and application,https://doi.org/10.1108/ir-02-2021-0025,Addresses mobile manipulation planning or a neighboring robotics mechanism.,"Prior work usually predicts, ranks, filters, or imitates observed behavior rather than preserving unrealized branches.",The observed outcome is enough to supervise the model.,"Contact mode support, embodiment limits, and deployment perturbations.","Branch collapse, hidden-mode shift, and tail-risk planning failures.",Generic world models and generic uncertainty are crowded.,Mobile manipulation spatial commitments keeps action-critical alternatives explicit until a physical observation collapses them.
37,doi:10.3390/app15042179,A Comprehensive Review of Deep Learning Techniques in Mobile Robot Path Planning: Categorization and Analysis,2025,Applied Sciences,https://doi.org/10.3390/app15042179,Addresses mobile manipulation planning or a neighboring robotics mechanism.,"Prior work usually predicts, ranks, filters, or imitates observed behavior rather than preserving unrealized branches.",The observed outcome is enough to supervise the model.,"Contact mode support, embodiment limits, and deployment perturbations.","Branch collapse, hidden-mode shift, and tail-risk planning failures.",Generic world models and generic uncertainty are crowded.,Mobile manipulation spatial commitments keeps action-critical alternatives explicit until a physical observation collapses them.
38,doi:10.1115/detc2007-35495,Attractive Force Based on Fractional Potential in Dynamic Motion Planning for Mobile Robot,2007,"Volume 5: 6th International Conference on Multibody Systems, Nonlinear Dynamics, and Control, Parts A, B, and C",https://doi.org/10.1115/detc2007-35495,Addresses mobile manipulation planning or a neighboring robotics mechanism.,"Prior work usually predicts, ranks, filters, or imitates observed behavior rather than preserving unrealized branches.",The observed outcome is enough to supervise the model.,"Contact mode support, embodiment limits, and deployment perturbations.","Branch collapse, hidden-mode shift, and tail-risk planning failures.",Generic world models and generic uncertainty are crowded.,Mobile manipulation spatial commitments keeps action-critical alternatives explicit until a physical observation collapses them.
39,doi:10.3390/robotics15010023,Autonomous Mobile Robot Path Planning Techniques—A Review: Metaheuristic and Cognitive Techniques,2026,Robotics,https://doi.org/10.3390/robotics15010023,Addresses mobile manipulation planning or a neighboring robotics mechanism.,"Prior work usually predicts, ranks, filters, or imitates observed behavior rather than preserving unrealized branches.",The observed outcome is enough to supervise the model.,"Contact mode support, embodiment limits, and deployment perturbations.","Branch collapse, hidden-mode shift, and tail-risk planning failures.",Generic world models and generic uncertainty are crowded.,Mobile manipulation spatial commitments keeps action-critical alternatives explicit until a physical observation collapses them.
40,doi:10.5772/6228,A Motion Planning Method for Omnidirectional Mobile Robot Based on the Anisotropic Characteristics,2008,International Journal of Advanced Robotic Systems,https://doi.org/10.5772/6228,Addresses mobile manipulation planning or a neighboring robotics mechanism.,"Prior work usually predicts, ranks, filters, or imitates observed behavior rather than preserving unrealized branches.",The observed outcome is enough to supervise the model.,"Contact mode support, embodiment limits, and deployment perturbations.","Branch collapse, hidden-mode shift, and tail-risk planning failures.",Generic world models and generic uncertainty are crowded.,Mobile manipulation spatial commitments keeps action-critical alternatives explicit until a physical observation collapses them.
41,doi:10.4028/www.scientific.net/kem.392-394.777,Motion Planning of Wheeled Mobile Robot Driven by Differential Wheels,2008,Key Engineering Materials,https://doi.org/10.4028/www.scientific.net/kem.392-394.777,Addresses mobile manipulation planning or a neighboring robotics mechanism.,"Prior work usually predicts, ranks, filters, or imitates observed behavior rather than preserving unrealized branches.",The observed outcome is enough to supervise the model.,"Contact mode support, embodiment limits, and deployment perturbations.","Branch collapse, hidden-mode shift, and tail-risk planning failures.",Generic world models and generic uncertainty are crowded.,Mobile manipulation spatial commitments keeps action-critical alternatives explicit until a physical observation collapses them.
42,doi:10.1108/ir-03-2020-0063,A survey of energy-efficient motion planning for wheeled mobile robots,2020,Industrial Robot: the international journal of robotics research and application,https://doi.org/10.1108/ir-03-2020-0063,Addresses mobile manipulation planning or a neighboring robotics mechanism.,"Prior work usually predicts, ranks, filters, or imitates observed behavior rather than preserving unrealized branches.",The observed outcome is enough to supervise the model.,"Contact mode support, embodiment limits, and deployment perturbations.","Branch collapse, hidden-mode shift, and tail-risk planning failures.",Generic world models and generic uncertainty are crowded.,Mobile manipulation spatial commitments keeps action-critical alternatives explicit until a physical observation collapses them.
43,doi:10.4028/www.scientific.net/ssp.198.102,Mobile Sensor Motion Planning for Identification of a Contamination Source Using Iterative Dynamic Programming,2013,Solid State Phenomena,https://doi.org/10.4028/www.scientific.net/ssp.198.102,Addresses mobile manipulation planning or a neighboring robotics mechanism.,"Prior work usually predicts, ranks, filters, or imitates observed behavior rather than preserving unrealized branches.",The observed outcome is enough to supervise the model.,"Contact mode support, embodiment limits, and deployment perturbations.","Branch collapse, hidden-mode shift, and tail-risk planning failures.",Generic world models and generic uncertainty are crowded.,Mobile manipulation spatial commitments keeps action-critical alternatives explicit until a physical observation collapses them.
44,doi:10.1109/iecon48115.2021.9589596,Configuration-aware Model Predictive Motion Planning in Narrow Environment for Autonomous Tractor-trailer Mobile Robot,2021,IECON 2021 – 47th Annual Conference of the IEEE Industrial Electronics Society,https://doi.org/10.1109/iecon48115.2021.9589596,Addresses mobile manipulation planning or a neighboring robotics mechanism.,"Prior work usually predicts, ranks, filters, or imitates observed behavior rather than preserving unrealized branches.",The observed outcome is enough to supervise the model.,"Contact mode support, embodiment limits, and deployment perturbations.","Branch collapse, hidden-mode shift, and tail-risk planning failures.",Generic world models and generic uncertainty are crowded.,Mobile manipulation spatial commitments keeps action-critical alternatives explicit until a physical observation collapses them.
45,doi:10.1109/mra.2013.2294914,Model-Predictive Motion Planning: Several Key Developments for Autonomous Mobile Robots,2014,IEEE Robotics & Automation Magazine,https://doi.org/10.1109/mra.2013.2294914,Addresses mobile manipulation planning or a neighboring robotics mechanism.,"Prior work usually predicts, ranks, filters, or imitates observed behavior rather than preserving unrealized branches.",The observed outcome is enough to supervise the model.,"Contact mode support, embodiment limits, and deployment perturbations.","Branch collapse, hidden-mode shift, and tail-risk planning failures.",Generic world models and generic uncertainty are crowded.,Mobile manipulation spatial commitments keeps action-critical alternatives explicit until a physical observation collapses them.
46,doi:10.1017/s026357471800156x,Evolutionary Algorithms-Based Multi-Objective Optimal Mobile Robot Trajectory Planning,2019,Robotica,https://doi.org/10.1017/s026357471800156x,Addresses mobile manipulation planning or a neighboring robotics mechanism.,"Prior work usually predicts, ranks, filters, or imitates observed behavior rather than preserving unrealized branches.",The observed outcome is enough to supervise the model.,"Contact mode support, embodiment limits, and deployment perturbations.","Branch collapse, hidden-mode shift, and tail-risk planning failures.",Generic world models and generic uncertainty are crowded.,Mobile manipulation spatial commitments keeps action-critical alternatives explicit until a physical observation collapses them.
47,doi:10.1108/ir-11-2017-0200,Energy-optimal motion planning of a biped pole-climbing robot with kinodynamic constraints,2018,Industrial Robot: An International Journal,https://doi.org/10.1108/ir-11-2017-0200,Addresses mobile manipulation planning or a neighboring robotics mechanism.,"Prior work usually predicts, ranks, filters, or imitates observed behavior rather than preserving unrealized branches.",The observed outcome is enough to supervise the model.,"Contact mode support, embodiment limits, and deployment perturbations.","Branch collapse, hidden-mode shift, and tail-risk planning failures.",Generic world models and generic uncertainty are crowded.,Mobile manipulation spatial commitments keeps action-critical alternatives explicit until a physical observation collapses them.
48,doi:10.1016/j.cirp.2022.04.048,On deformable object handling: Model-based motion planning for human-robot co-manipulation,2022,CIRP Annals,https://doi.org/10.1016/j.cirp.2022.04.048,Addresses mobile manipulation planning or a neighboring robotics mechanism.,"Prior work usually predicts, ranks, filters, or imitates observed behavior rather than preserving unrealized branches.",The observed outcome is enough to supervise the model.,"Contact mode support, embodiment limits, and deployment perturbations.","Branch collapse, hidden-mode shift, and tail-risk planning failures.",Generic world models and generic uncertainty are crowded.,Mobile manipulation spatial commitments keeps action-critical alternatives explicit until a physical observation collapses them.
49,doi:10.3390/robotics12040112,A Hybrid Motion Planning Algorithm for Multi-Mobile Robot Formation Planning,2023,Robotics,https://doi.org/10.3390/robotics12040112,Addresses mobile manipulation planning or a neighboring robotics mechanism.,"Prior work usually predicts, ranks, filters, or imitates observed behavior rather than preserving unrealized branches.",The observed outcome is enough to supervise the model.,"Contact mode support, embodiment limits, and deployment perturbations.","Branch collapse, hidden-mode shift, and tail-risk planning failures.",Generic world models and generic uncertainty are crowded.,Mobile manipulation spatial commitments keeps action-critical alternatives explicit until a physical observation collapses them.
50,doi:10.3390/app16010322,Curvature-Constrained Motion Planning Method for Differential-Drive Mobile Robot Platforms,2025,Applied Sciences,https://doi.org/10.3390/app16010322,Addresses mobile manipulation planning or a neighboring robotics mechanism.,"Prior work usually predicts, ranks, filters, or imitates observed behavior rather than preserving unrealized branches.",The observed outcome is enough to supervise the model.,"Contact mode support, embodiment limits, and deployment perturbations.","Branch collapse, hidden-mode shift, and tail-risk planning failures.",Generic world models and generic uncertainty are crowded.,Mobile manipulation spatial commitments keeps action-critical alternatives explicit until a physical observation collapses them.
51,arxiv:2402.01617v1,A GP-based Robust Motion Planning Framework for Agile Autonomous Robot Navigation and Recovery in Unknown Environments,2024,arXiv,http://arxiv.org/abs/2402.01617v1,Addresses mobile manipulation planning or a neighboring robotics mechanism.,"Prior work usually predicts, ranks, filters, or imitates observed behavior rather than preserving unrealized branches.",The observed outcome is enough to supervise the model.,"Contact mode support, embodiment limits, and deployment perturbations.","Branch collapse, hidden-mode shift, and tail-risk planning failures.",Generic world models and generic uncertainty are crowded.,Mobile manipulation spatial commitments keeps action-critical alternatives explicit until a physical observation collapses them.
52,doi:10.1109/tii.2024.3441661,Whole-Body Inverse Kinematics and Operation-Oriented Motion Planning for Robot Mobile Manipulation,2024,IEEE Transactions on Industrial Informatics,https://doi.org/10.1109/tii.2024.3441661,Addresses mobile manipulation planning or a neighboring robotics mechanism.,"Prior work usually predicts, ranks, filters, or imitates observed behavior rather than preserving unrealized branches.",The observed outcome is enough to supervise the model.,"Contact mode support, embodiment limits, and deployment perturbations.","Branch collapse, hidden-mode shift, and tail-risk planning failures.",Generic world models and generic uncertainty are crowded.,Mobile manipulation spatial commitments keeps action-critical alternatives explicit until a physical observation collapses them.
53,doi:10.1108/ir-04-2025-0144,Motion planning of quadrotors in cluttered environments using efficient mapping and spatial-temporal optimization,2026,Industrial Robot: the international journal of robotics research and application,https://doi.org/10.1108/ir-04-2025-0144,Addresses mobile manipulation planning or a neighboring robotics mechanism.,"Prior work usually predicts, ranks, filters, or imitates observed behavior rather than preserving unrealized branches.",The observed outcome is enough to supervise the model.,"Contact mode support, embodiment limits, and deployment perturbations.","Branch collapse, hidden-mode shift, and tail-risk planning failures.",Generic world models and generic uncertainty are crowded.,Mobile manipulation spatial commitments keeps action-critical alternatives explicit until a physical observation collapses them.
54,doi:10.1142/s0219843619500063,Motion Planning for a Humanoid Mobile Manipulator System,2019,International Journal of Humanoid Robotics,https://doi.org/10.1142/s0219843619500063,Addresses mobile manipulation planning or a neighboring robotics mechanism.,"Prior work usually predicts, ranks, filters, or imitates observed behavior rather than preserving unrealized branches.",The observed outcome is enough to supervise the model.,"Contact mode support, embodiment limits, and deployment perturbations.","Branch collapse, hidden-mode shift, and tail-risk planning failures.",Generic world models and generic uncertainty are crowded.,Mobile manipulation spatial commitments keeps action-critical alternatives explicit until a physical observation collapses them.
55,doi:10.1109/icra46639.2022.9812055,Visually Grounded Task and Motion Planning for Mobile Manipulation,2022,2022 International Conference on Robotics and Automation (ICRA),https://doi.org/10.1109/icra46639.2022.9812055,Addresses mobile manipulation planning or a neighboring robotics mechanism.,"Prior work usually predicts, ranks, filters, or imitates observed behavior rather than preserving unrealized branches.",The observed outcome is enough to supervise the model.,"Contact mode support, embodiment limits, and deployment perturbations.","Branch collapse, hidden-mode shift, and tail-risk planning failures.",Generic world models and generic uncertainty are crowded.,Mobile manipulation spatial commitments keeps action-critical alternatives explicit until a physical observation collapses them.
56,doi:10.1108/ir-05-2013-353,Motion planning for a new-model obstacle-crossing mobile welding robot,2014,Industrial Robot: An International Journal,https://doi.org/10.1108/ir-05-2013-353,Addresses mobile manipulation planning or a neighboring robotics mechanism.,"Prior work usually predicts, ranks, filters, or imitates observed behavior rather than preserving unrealized branches.",The observed outcome is enough to supervise the model.,"Contact mode support, embodiment limits, and deployment perturbations.","Branch collapse, hidden-mode shift, and tail-risk planning failures.",Generic world models and generic uncertainty are crowded.,Mobile manipulation spatial commitments keeps action-critical alternatives explicit until a physical observation collapses them.
57,arxiv:2603.04463v1,GAIDE: Graph-based Attention Masking for Spatial- and Embodiment-aware Motion Planning,2026,arXiv,http://arxiv.org/abs/2603.04463v1,Addresses mobile manipulation planning or a neighboring robotics mechanism.,"Prior work usually predicts, ranks, filters, or imitates observed behavior rather than preserving unrealized branches.",The observed outcome is enough to supervise the model.,"Contact mode support, embodiment limits, and deployment perturbations.","Branch collapse, hidden-mode shift, and tail-risk planning failures.",Generic world models and generic uncertainty are crowded.,Mobile manipulation spatial commitments keeps action-critical alternatives explicit until a physical observation collapses them.
58,doi:10.1109/iros.2016.7759547,BI 2 RRT*: An efficient sampling-based path planning framework for task-constrained mobile manipulation,2016,2016 IEEE/RSJ International Conference on Intelligent Robots and Systems (IROS),https://doi.org/10.1109/iros.2016.7759547,Addresses mobile manipulation planning or a neighboring robotics mechanism.,"Prior work usually predicts, ranks, filters, or imitates observed behavior rather than preserving unrealized branches.",The observed outcome is enough to supervise the model.,"Contact mode support, embodiment limits, and deployment perturbations.","Branch collapse, hidden-mode shift, and tail-risk planning failures.",Generic world models and generic uncertainty are crowded.,Mobile manipulation spatial commitments keeps action-critical alternatives explicit until a physical observation collapses them.
59,doi:10.3390/app10093180,Motion Planning for Autonomous Vehicles Considering Longitudinal and Lateral Dynamics Coupling,2020,Applied Sciences,https://doi.org/10.3390/app10093180,Addresses mobile manipulation planning or a neighboring robotics mechanism.,"Prior work usually predicts, ranks, filters, or imitates observed behavior rather than preserving unrealized branches.",The observed outcome is enough to supervise the model.,"Contact mode support, embodiment limits, and deployment perturbations.","Branch collapse, hidden-mode shift, and tail-risk planning failures.",Generic world models and generic uncertainty are crowded.,Mobile manipulation spatial commitments keeps action-critical alternatives explicit until a physical observation collapses them.
60,doi:10.1049/iet-cta.2017.0298,MPC motion planning‐based sliding mode control for underactuated WPS vehicle via Olfati transformation,2018,IET Control Theory & Applications,https://doi.org/10.1049/iet-cta.2017.0298,Addresses mobile manipulation planning or a neighboring robotics mechanism.,"Prior work usually predicts, ranks, filters, or imitates observed behavior rather than preserving unrealized branches.",The observed outcome is enough to supervise the model.,"Contact mode support, embodiment limits, and deployment perturbations.","Branch collapse, hidden-mode shift, and tail-risk planning failures.",Generic world models and generic uncertainty are crowded.,Mobile manipulation spatial commitments keeps action-critical alternatives explicit until a physical observation collapses them.
61,doi:10.1109/lra.2021.3068913,Bench-MR: A Motion Planning Benchmark for Wheeled Mobile Robots,2021,IEEE Robotics and Automation Letters,https://doi.org/10.1109/lra.2021.3068913,Addresses mobile manipulation planning or a neighboring robotics mechanism.,"Prior work usually predicts, ranks, filters, or imitates observed behavior rather than preserving unrealized branches.",The observed outcome is enough to supervise the model.,"Contact mode support, embodiment limits, and deployment perturbations.","Branch collapse, hidden-mode shift, and tail-risk planning failures.",Generic world models and generic uncertainty are crowded.,Mobile manipulation spatial commitments keeps action-critical alternatives explicit until a physical observation collapses them.
62,doi:10.3390/plants14050634,Compliant Motion Planning Integrating Human Skill for Robotic Arm Collecting Tomato Bunch Based on Improved DDPG,2025,Plants,https://doi.org/10.3390/plants14050634,Addresses mobile manipulation planning or a neighboring robotics mechanism.,"Prior work usually predicts, ranks, filters, or imitates observed behavior rather than preserving unrealized branches.",The observed outcome is enough to supervise the model.,"Contact mode support, embodiment limits, and deployment perturbations.","Branch collapse, hidden-mode shift, and tail-risk planning failures.",Generic world models and generic uncertainty are crowded.,Mobile manipulation spatial commitments keeps action-critical alternatives explicit until a physical observation collapses them.
63,doi:10.1108/ir-01-2018-0001,Motion and path planning of a novel multi-mode mobile parallel robot based on chessboard-shaped grid division,2018,Industrial Robot: An International Journal,https://doi.org/10.1108/ir-01-2018-0001,Addresses mobile manipulation planning or a neighboring robotics mechanism.,"Prior work usually predicts, ranks, filters, or imitates observed behavior rather than preserving unrealized branches.",The observed outcome is enough to supervise the model.,"Contact mode support, embodiment limits, and deployment perturbations.","Branch collapse, hidden-mode shift, and tail-risk planning failures.",Generic world models and generic uncertainty are crowded.,Mobile manipulation spatial commitments keeps action-critical alternatives explicit until a physical observation collapses them.
64,doi:10.1109/tro.2005.847567,Motion planning for multitarget surveillance with mobile sensor agents,2005,IEEE Transactions on Robotics,https://doi.org/10.1109/tro.2005.847567,Addresses mobile manipulation planning or a neighboring robotics mechanism.,"Prior work usually predicts, ranks, filters, or imitates observed behavior rather than preserving unrealized branches.",The observed outcome is enough to supervise the model.,"Contact mode support, embodiment limits, and deployment perturbations.","Branch collapse, hidden-mode shift, and tail-risk planning failures.",Generic world models and generic uncertainty are crowded.,Mobile manipulation spatial commitments keeps action-critical alternatives explicit until a physical observation collapses them.
65,doi:10.3390/s23073606,Path Planning and Motion Control of Indoor Mobile Robot under Exploration-Based SLAM (e-SLAM),2023,Sensors,https://doi.org/10.3390/s23073606,Addresses mobile manipulation planning or a neighboring robotics mechanism.,"Prior work usually predicts, ranks, filters, or imitates observed behavior rather than preserving unrealized branches.",The observed outcome is enough to supervise the model.,"Contact mode support, embodiment limits, and deployment perturbations.","Branch collapse, hidden-mode shift, and tail-risk planning failures.",Generic world models and generic uncertainty are crowded.,Mobile manipulation spatial commitments keeps action-critical alternatives explicit until a physical observation collapses them.
66,arxiv:2009.04625v1,Path planning model of mobile robots in the context of crowds,2020,arXiv,http://arxiv.org/abs/2009.04625v1,Addresses mobile manipulation planning or a neighboring robotics mechanism.,"Prior work usually predicts, ranks, filters, or imitates observed behavior rather than preserving unrealized branches.",The observed outcome is enough to supervise the model.,"Contact mode support, embodiment limits, and deployment perturbations.","Branch collapse, hidden-mode shift, and tail-risk planning failures.",Generic world models and generic uncertainty are crowded.,Mobile manipulation spatial commitments keeps action-critical alternatives explicit until a physical observation collapses them.
67,doi:10.1109/tra.2003.809592,Motion planning of multiple mobile robots for cooperative manipulation and transportation,2003,IEEE Transactions on Robotics and Automation,https://doi.org/10.1109/tra.2003.809592,Addresses mobile manipulation planning or a neighboring robotics mechanism.,"Prior work usually predicts, ranks, filters, or imitates observed behavior rather than preserving unrealized branches.",The observed outcome is enough to supervise the model.,"Contact mode support, embodiment limits, and deployment perturbations.","Branch collapse, hidden-mode shift, and tail-risk planning failures.",Generic world models and generic uncertainty are crowded.,Mobile manipulation spatial commitments keeps action-critical alternatives explicit until a physical observation collapses them.
68,doi:10.3390/biomimetics9070436,Task-Motion Planning System for Socially Viable Service Robots Based on Object Manipulation,2024,Biomimetics,https://doi.org/10.3390/biomimetics9070436,Addresses mobile manipulation planning or a neighboring robotics mechanism.,"Prior work usually predicts, ranks, filters, or imitates observed behavior rather than preserving unrealized branches.",The observed outcome is enough to supervise the model.,"Contact mode support, embodiment limits, and deployment perturbations.","Branch collapse, hidden-mode shift, and tail-risk planning failures.",Generic world models and generic uncertainty are crowded.,Mobile manipulation spatial commitments keeps action-critical alternatives explicit until a physical observation collapses them.
69,doi:10.1177/0278364913484072,Integrated task and motion planning in belief space,2013,The International Journal of Robotics Research,https://doi.org/10.1177/0278364913484072,Addresses mobile manipulation planning or a neighboring robotics mechanism.,"Prior work usually predicts, ranks, filters, or imitates observed behavior rather than preserving unrealized branches.",The observed outcome is enough to supervise the model.,"Contact mode support, embodiment limits, and deployment perturbations.","Branch collapse, hidden-mode shift, and tail-risk planning failures.",Generic world models and generic uncertainty are crowded.,Mobile manipulation spatial commitments keeps action-critical alternatives explicit until a physical observation collapses them.
70,doi:10.1007/s41315-025-00455-1,"Robot motion planning: methods, challenges, and future directions",2025,International Journal of Intelligent Robotics and Applications,https://doi.org/10.1007/s41315-025-00455-1,Addresses mobile manipulation planning or a neighboring robotics mechanism.,"Prior work usually predicts, ranks, filters, or imitates observed behavior rather than preserving unrealized branches.",The observed outcome is enough to supervise the model.,"Contact mode support, embodiment limits, and deployment perturbations.","Branch collapse, hidden-mode shift, and tail-risk planning failures.",Generic world models and generic uncertainty are crowded.,Mobile manipulation spatial commitments keeps action-critical alternatives explicit until a physical observation collapses them.
71,doi:10.23919/sicefes67750.2025.11236592,Mobile Robot Obstacle Avoidance Based on Optical Flow Images in Motion Planning,2025,2025 SICE Festival with Annual Conference (SICE FES),https://doi.org/10.23919/sicefes67750.2025.11236592,Addresses mobile manipulation planning or a neighboring robotics mechanism.,"Prior work usually predicts, ranks, filters, or imitates observed behavior rather than preserving unrealized branches.",The observed outcome is enough to supervise the model.,"Contact mode support, embodiment limits, and deployment perturbations.","Branch collapse, hidden-mode shift, and tail-risk planning failures.",Generic world models and generic uncertainty are crowded.,Mobile manipulation spatial commitments keeps action-critical alternatives explicit until a physical observation collapses them.
72,doi:10.5075/epfl-thesis-3146,Motion planning and obstacle avoidance for mobile robots in highly cluttered dynamic environments,2004,Infoscience (Ecole Polytechnique Fédérale de Lausanne),https://doi.org/10.5075/epfl-thesis-3146,Addresses mobile manipulation planning or a neighboring robotics mechanism.,"Prior work usually predicts, ranks, filters, or imitates observed behavior rather than preserving unrealized branches.",The observed outcome is enough to supervise the model.,"Contact mode support, embodiment limits, and deployment perturbations.","Branch collapse, hidden-mode shift, and tail-risk planning failures.",Generic world models and generic uncertainty are crowded.,Mobile manipulation spatial commitments keeps action-critical alternatives explicit until a physical observation collapses them.
73,doi:10.1002/aisy.202400897,A Task and Motion Planning Framework for Partially Observable Household Manipulation Scenes,2025,Advanced Intelligent Systems,https://doi.org/10.1002/aisy.202400897,Addresses mobile manipulation planning or a neighboring robotics mechanism.,"Prior work usually predicts, ranks, filters, or imitates observed behavior rather than preserving unrealized branches.",The observed outcome is enough to supervise the model.,"Contact mode support, embodiment limits, and deployment perturbations.","Branch collapse, hidden-mode shift, and tail-risk planning failures.",Generic world models and generic uncertainty are crowded.,Mobile manipulation spatial commitments keeps action-critical alternatives explicit until a physical observation collapses them.
74,doi:10.3390/robotics14120180,Sim2Real Transfer of Imitation Learning of Motion Control for Car-like Mobile Robots Using Digital Twin Testbed,2025,Robotics,https://doi.org/10.3390/robotics14120180,Addresses mobile manipulation planning or a neighboring robotics mechanism.,"Prior work usually predicts, ranks, filters, or imitates observed behavior rather than preserving unrealized branches.",The observed outcome is enough to supervise the model.,"Contact mode support, embodiment limits, and deployment perturbations.","Branch collapse, hidden-mode shift, and tail-risk planning failures.",Generic world models and generic uncertainty are crowded.,Mobile manipulation spatial commitments keeps action-critical alternatives explicit until a physical observation collapses them.
75,doi:10.1109/iros40897.2019.8967721,Harmonious Sampling for Mobile Manipulation Planning,2019,2019 IEEE/RSJ International Conference on Intelligent Robots and Systems (IROS),https://doi.org/10.1109/iros40897.2019.8967721,Addresses mobile manipulation planning or a neighboring robotics mechanism.,"Prior work usually predicts, ranks, filters, or imitates observed behavior rather than preserving unrealized branches.",The observed outcome is enough to supervise the model.,"Contact mode support, embodiment limits, and deployment perturbations.","Branch collapse, hidden-mode shift, and tail-risk planning failures.",Generic world models and generic uncertainty are crowded.,Mobile manipulation spatial commitments keeps action-critical alternatives explicit until a physical observation collapses them.
76,doi:10.1007/s41315-022-00229-z,PSO optimized F2 based mobile robot motion planning approaches for fixed and mobile targets,2022,International Journal of Intelligent Robotics and Applications,https://doi.org/10.1007/s41315-022-00229-z,Addresses mobile manipulation planning or a neighboring robotics mechanism.,"Prior work usually predicts, ranks, filters, or imitates observed behavior rather than preserving unrealized branches.",The observed outcome is enough to supervise the model.,"Contact mode support, embodiment limits, and deployment perturbations.","Branch collapse, hidden-mode shift, and tail-risk planning failures.",Generic world models and generic uncertainty are crowded.,Mobile manipulation spatial commitments keeps action-critical alternatives explicit until a physical observation collapses them.
77,doi:10.1109/tcns.2020.3000742,Distributed Communication-Aware Motion Planning for Networked Mobile Robots Under Formal Specifications,2020,IEEE Transactions on Control of Network Systems,https://doi.org/10.1109/tcns.2020.3000742,Addresses mobile manipulation planning or a neighboring robotics mechanism.,"Prior work usually predicts, ranks, filters, or imitates observed behavior rather than preserving unrealized branches.",The observed outcome is enough to supervise the model.,"Contact mode support, embodiment limits, and deployment perturbations.","Branch collapse, hidden-mode shift, and tail-risk planning failures.",Generic world models and generic uncertainty are crowded.,Mobile manipulation spatial commitments keeps action-critical alternatives explicit until a physical observation collapses them.
78,doi:10.1016/j.robot.2022.104232,Approaching motion planning for mobile manipulators considering the uncertainty of self-positioning and object’s pose estimation,2022,Robotics and Autonomous Systems,https://doi.org/10.1016/j.robot.2022.104232,Addresses mobile manipulation planning or a neighboring robotics mechanism.,"Prior work usually predicts, ranks, filters, or imitates observed behavior rather than preserving unrealized branches.",The observed outcome is enough to supervise the model.,"Contact mode support, embodiment limits, and deployment perturbations.","Branch collapse, hidden-mode shift, and tail-risk planning failures.",Generic world models and generic uncertainty are crowded.,Mobile manipulation spatial commitments keeps action-critical alternatives explicit until a physical observation collapses them.
79,doi:10.1002/rob.22281,Whole‐body motion planning and tracking of a mobile robot with a gimbal RGB‐D camera for outdoor 3D exploration,2024,Journal of Field Robotics,https://doi.org/10.1002/rob.22281,Addresses mobile manipulation planning or a neighboring robotics mechanism.,"Prior work usually predicts, ranks, filters, or imitates observed behavior rather than preserving unrealized branches.",The observed outcome is enough to supervise the model.,"Contact mode support, embodiment limits, and deployment perturbations.","Branch collapse, hidden-mode shift, and tail-risk planning failures.",Generic world models and generic uncertainty are crowded.,Mobile manipulation spatial commitments keeps action-critical alternatives explicit until a physical observation collapses them.
80,doi:10.3390/math11163489,Motion-Tracking Control of Mobile Manipulation Robotic Systems Using Artificial Neural Networks for Manufacturing Applications,2023,Mathematics,https://doi.org/10.3390/math11163489,Addresses mobile manipulation planning or a neighboring robotics mechanism.,"Prior work usually predicts, ranks, filters, or imitates observed behavior rather than preserving unrealized branches.",The observed outcome is enough to supervise the model.,"Contact mode support, embodiment limits, and deployment perturbations.","Branch collapse, hidden-mode shift, and tail-risk planning failures.",Generic world models and generic uncertainty are crowded.,Mobile manipulation spatial commitments keeps action-critical alternatives explicit until a physical observation collapses them.
81,arxiv:2108.13619v4,A review of mobile robot motion planning methods: from classical motion planning workflows to reinforcement learning-based architectures,2021,arXiv,http://arxiv.org/abs/2108.13619v4,Addresses mobile manipulation planning or a neighboring robotics mechanism.,"Prior work usually predicts, ranks, filters, or imitates observed behavior rather than preserving unrealized branches.",The observed outcome is enough to supervise the model.,"Contact mode support, embodiment limits, and deployment perturbations.","Branch collapse, hidden-mode shift, and tail-risk planning failures.",Generic world models and generic uncertainty are crowded.,Mobile manipulation spatial commitments keeps action-critical alternatives explicit until a physical observation collapses them.
82,doi:10.54097/989mtm33,"Multi-Robot Cooperative Path Planning: Advances, Challenges, and Future Trends",2025,"Highlights in Science, Engineering and Technology",https://doi.org/10.54097/989mtm33,Addresses mobile manipulation planning or a neighboring robotics mechanism.,"Prior work usually predicts, ranks, filters, or imitates observed behavior rather than preserving unrealized branches.",The observed outcome is enough to supervise the model.,"Contact mode support, embodiment limits, and deployment perturbations.","Branch collapse, hidden-mode shift, and tail-risk planning failures.",Generic world models and generic uncertainty are crowded.,Mobile manipulation spatial commitments keeps action-critical alternatives explicit until a physical observation collapses them.
83,doi:10.1145/3793928.3793938,Motion Planning-Augmented Deep Reinforcement Learning for Long-Horizon Robotic Mobile Manipulation Tasks,2026,Proceedings of the 2026 10th International Conference on Control Engineering and Artificial Intelligence,https://doi.org/10.1145/3793928.3793938,Addresses mobile manipulation planning or a neighboring robotics mechanism.,"Prior work usually predicts, ranks, filters, or imitates observed behavior rather than preserving unrealized branches.",The observed outcome is enough to supervise the model.,"Contact mode support, embodiment limits, and deployment perturbations.","Branch collapse, hidden-mode shift, and tail-risk planning failures.",Generic world models and generic uncertainty are crowded.,Mobile manipulation spatial commitments keeps action-critical alternatives explicit until a physical observation collapses them.
84,doi:10.1016/j.rineng.2025.108291,Efficient collision detection model and synchronous motion planning method for autonomous mobile robot,2025,Results in Engineering,https://doi.org/10.1016/j.rineng.2025.108291,Addresses mobile manipulation planning or a neighboring robotics mechanism.,"Prior work usually predicts, ranks, filters, or imitates observed behavior rather than preserving unrealized branches.",The observed outcome is enough to supervise the model.,"Contact mode support, embodiment limits, and deployment perturbations.","Branch collapse, hidden-mode shift, and tail-risk planning failures.",Generic world models and generic uncertainty are crowded.,Mobile manipulation spatial commitments keeps action-critical alternatives explicit until a physical observation collapses them.
85,doi:10.1007/s41315-025-00513-8,Hybrid constrained motion planning scheme for wheeled mobile humanoid dual-arms robot,2025,International Journal of Intelligent Robotics and Applications,https://doi.org/10.1007/s41315-025-00513-8,Addresses mobile manipulation planning or a neighboring robotics mechanism.,"Prior work usually predicts, ranks, filters, or imitates observed behavior rather than preserving unrealized branches.",The observed outcome is enough to supervise the model.,"Contact mode support, embodiment limits, and deployment perturbations.","Branch collapse, hidden-mode shift, and tail-risk planning failures.",Generic world models and generic uncertainty are crowded.,Mobile manipulation spatial commitments keeps action-critical alternatives explicit until a physical observation collapses them.
86,doi:10.23919/ccc64809.2025.11178877,Mobile Robot Motion Planning with the Novel SteerA*-CBF Algorithm,2025,2025 44th Chinese Control Conference (CCC),https://doi.org/10.23919/ccc64809.2025.11178877,Addresses mobile manipulation planning or a neighboring robotics mechanism.,"Prior work usually predicts, ranks, filters, or imitates observed behavior rather than preserving unrealized branches.",The observed outcome is enough to supervise the model.,"Contact mode support, embodiment limits, and deployment perturbations.","Branch collapse, hidden-mode shift, and tail-risk planning failures.",Generic world models and generic uncertainty are crowded.,Mobile manipulation spatial commitments keeps action-critical alternatives explicit until a physical observation collapses them.
87,doi:10.1109/codit66093.2025.11321509,Mobile Robot Motion Planning Based on a Concept of Attractive and Repulsive Forces and Variable Target and Robot Perception Circles,2025,"2025 11th International Conference on Control, Decision and Information Technologies (CoDIT)",https://doi.org/10.1109/codit66093.2025.11321509,Addresses mobile manipulation planning or a neighboring robotics mechanism.,"Prior work usually predicts, ranks, filters, or imitates observed behavior rather than preserving unrealized branches.",The observed outcome is enough to supervise the model.,"Contact mode support, embodiment limits, and deployment perturbations.","Branch collapse, hidden-mode shift, and tail-risk planning failures.",Generic world models and generic uncertainty are crowded.,Mobile manipulation spatial commitments keeps action-critical alternatives explicit until a physical observation collapses them.
88,doi:10.1115/1.4070577,Task and Motion Planning With Large Language Models Enhanced by Spatially Temporally Aware Tools for Smart Manufacturing,2026,Journal of Computing and Information Science in Engineering,https://doi.org/10.1115/1.4070577,Addresses mobile manipulation planning or a neighboring robotics mechanism.,"Prior work usually predicts, ranks, filters, or imitates observed behavior rather than preserving unrealized branches.",The observed outcome is enough to supervise the model.,"Contact mode support, embodiment limits, and deployment perturbations.","Branch collapse, hidden-mode shift, and tail-risk planning failures.",Generic world models and generic uncertainty are crowded.,Mobile manipulation spatial commitments keeps action-critical alternatives explicit until a physical observation collapses them.
89,doi:10.3390/s25216741,DPDQN-TER: An Improved Deep Reinforcement Learning Approach for Mobile Robot Path Planning in Dynamic Scenarios,2025,Sensors,https://doi.org/10.3390/s25216741,Addresses mobile manipulation planning or a neighboring robotics mechanism.,"Prior work usually predicts, ranks, filters, or imitates observed behavior rather than preserving unrealized branches.",The observed outcome is enough to supervise the model.,"Contact mode support, embodiment limits, and deployment perturbations.","Branch collapse, hidden-mode shift, and tail-risk planning failures.",Generic world models and generic uncertainty are crowded.,Mobile manipulation spatial commitments keeps action-critical alternatives explicit until a physical observation collapses them.
90,arxiv:2508.18627v1,Integration of Robot and Scene Kinematics for Sequential Mobile Manipulation Planning,2025,arXiv,http://arxiv.org/abs/2508.18627v1,Addresses mobile manipulation planning or a neighboring robotics mechanism.,"Prior work usually predicts, ranks, filters, or imitates observed behavior rather than preserving unrealized branches.",The observed outcome is enough to supervise the model.,"Contact mode support, embodiment limits, and deployment perturbations.","Branch collapse, hidden-mode shift, and tail-risk planning failures.",Generic world models and generic uncertainty are crowded.,Mobile manipulation spatial commitments keeps action-critical alternatives explicit until a physical observation collapses them.
91,doi:10.1109/robio58561.2023.10354901,Real-Time Collision-Free Motion Planning and Control for Mobile Manipulation with Quadrupeds,2023,2023 IEEE International Conference on Robotics and Biomimetics (ROBIO),https://doi.org/10.1109/robio58561.2023.10354901,Addresses mobile manipulation planning or a neighboring robotics mechanism.,"Prior work usually predicts, ranks, filters, or imitates observed behavior rather than preserving unrealized branches.",The observed outcome is enough to supervise the model.,"Contact mode support, embodiment limits, and deployment perturbations.","Branch collapse, hidden-mode shift, and tail-risk planning failures.",Generic world models and generic uncertainty are crowded.,Mobile manipulation spatial commitments keeps action-critical alternatives explicit until a physical observation collapses them.
92,doi:10.1002/oca.2781,Path planning of mobile robot in unknown dynamic continuous environment using reward‐modified deep Q ‐network,2023,Optimal Control Applications and Methods,https://doi.org/10.1002/oca.2781,Addresses mobile manipulation planning or a neighboring robotics mechanism.,"Prior work usually predicts, ranks, filters, or imitates observed behavior rather than preserving unrealized branches.",The observed outcome is enough to supervise the model.,"Contact mode support, embodiment limits, and deployment perturbations.","Branch collapse, hidden-mode shift, and tail-risk planning failures.",Generic world models and generic uncertainty are crowded.,Mobile manipulation spatial commitments keeps action-critical alternatives explicit until a physical observation collapses them.
93,doi:10.3390/s21155011,Deep Learning for Efficient and Optimal Motion Planning for AUVs with Disturbances,2021,Sensors,https://doi.org/10.3390/s21155011,Addresses mobile manipulation planning or a neighboring robotics mechanism.,"Prior work usually predicts, ranks, filters, or imitates observed behavior rather than preserving unrealized branches.",The observed outcome is enough to supervise the model.,"Contact mode support, embodiment limits, and deployment perturbations.","Branch collapse, hidden-mode shift, and tail-risk planning failures.",Generic world models and generic uncertainty are crowded.,Mobile manipulation spatial commitments keeps action-critical alternatives explicit until a physical observation collapses them.
94,doi:10.1007/s40313-022-00915-0,Manipulation Task Planning and Motion Control Using Task Relaxations,2022,"Journal of Control, Automation and Electrical Systems",https://doi.org/10.1007/s40313-022-00915-0,Addresses mobile manipulation planning or a neighboring robotics mechanism.,"Prior work usually predicts, ranks, filters, or imitates observed behavior rather than preserving unrealized branches.",The observed outcome is enough to supervise the model.,"Contact mode support, embodiment limits, and deployment perturbations.","Branch collapse, hidden-mode shift, and tail-risk planning failures.",Generic world models and generic uncertainty are crowded.,Mobile manipulation spatial commitments keeps action-critical alternatives explicit until a physical observation collapses them.
95,doi:10.1007/s41693-018-0012-z,Automated sequence and motion planning for robotic spatial extrusion of 3D trusses,2018,arXiv,http://arxiv.org/abs/1810.00998v2,Addresses mobile manipulation planning or a neighboring robotics mechanism.,"Prior work usually predicts, ranks, filters, or imitates observed behavior rather than preserving unrealized branches.",The observed outcome is enough to supervise the model.,"Contact mode support, embodiment limits, and deployment perturbations.","Branch collapse, hidden-mode shift, and tail-risk planning failures.",Generic world models and generic uncertainty are crowded.,Mobile manipulation spatial commitments keeps action-critical alternatives explicit until a physical observation collapses them.
96,doi:10.3390/app11010426,Motion Planning for Mobile Robot with Modified BIT* and MPC,2021,Applied Sciences,https://doi.org/10.3390/app11010426,Addresses mobile manipulation planning or a neighboring robotics mechanism.,"Prior work usually predicts, ranks, filters, or imitates observed behavior rather than preserving unrealized branches.",The observed outcome is enough to supervise the model.,"Contact mode support, embodiment limits, and deployment perturbations.","Branch collapse, hidden-mode shift, and tail-risk planning failures.",Generic world models and generic uncertainty are crowded.,Mobile manipulation spatial commitments keeps action-critical alternatives explicit until a physical observation collapses them.
97,doi:10.1177/0278364918790369,Continuous-time Gaussian process motion planning via probabilistic inference,2018,The International Journal of Robotics Research,https://doi.org/10.1177/0278364918790369,Addresses mobile manipulation planning or a neighboring robotics mechanism.,"Prior work usually predicts, ranks, filters, or imitates observed behavior rather than preserving unrealized branches.",The observed outcome is enough to supervise the model.,"Contact mode support, embodiment limits, and deployment perturbations.","Branch collapse, hidden-mode shift, and tail-risk planning failures.",Generic world models and generic uncertainty are crowded.,Mobile manipulation spatial commitments keeps action-critical alternatives explicit until a physical observation collapses them.
98,doi:10.1109/lra.2021.3061989,Multi-Resolution 3D Mapping With Explicit Free Space Representation for Fast and Accurate Mobile Robot Motion Planning,2021,IEEE Robotics and Automation Letters,https://doi.org/10.1109/lra.2021.3061989,Addresses mobile manipulation planning or a neighboring robotics mechanism.,"Prior work usually predicts, ranks, filters, or imitates observed behavior rather than preserving unrealized branches.",The observed outcome is enough to supervise the model.,"Contact mode support, embodiment limits, and deployment perturbations.","Branch collapse, hidden-mode shift, and tail-risk planning failures.",Generic world models and generic uncertainty are crowded.,Mobile manipulation spatial commitments keeps action-critical alternatives explicit until a physical observation collapses them.
99,doi:10.1007/978-3-030-28619-4_23,Accelerating Motion Planning for Learned Mobile Manipulation Tasks Using Task-Guided Gibbs Sampling,2020,Springer Proceedings in Advanced Robotics Robotics Research,https://doi.org/10.1007/978-3-030-28619-4_23,Addresses mobile manipulation planning or a neighboring robotics mechanism.,"Prior work usually predicts, ranks, filters, or imitates observed behavior rather than preserving unrealized branches.",The observed outcome is enough to supervise the model.,"Contact mode support, embodiment limits, and deployment perturbations.","Branch collapse, hidden-mode shift, and tail-risk planning failures.",Generic world models and generic uncertainty are crowded.,Mobile manipulation spatial commitments keeps action-critical alternatives explicit until a physical observation collapses them.
100,doi:10.1155/2024/1170811,A Heuristic Motion Planning Algorithm for a Mobile Robot With Nonholonomic Constraints,2024,Journal of Robotics,https://doi.org/10.1155/2024/1170811,Addresses mobile manipulation planning or a neighboring robotics mechanism.,"Prior work usually predicts, ranks, filters, or imitates observed behavior rather than preserving unrealized branches.",The observed outcome is enough to supervise the model.,"Contact mode support, embodiment limits, and deployment perturbations.","Branch collapse, hidden-mode shift, and tail-risk planning failures.",Generic world models and generic uncertainty are crowded.,Mobile manipulation spatial commitments keeps action-critical alternatives explicit until a physical observation collapses them.
